{"cameraMode":{"drawMode":0,"name":"Shaded","section":"Shading Mode"},"sceneLighting":true,"audioPlay":false,"sceneViewState":{"showFog":true,"showMaterialUpdate":false,"showSkybox":true,"showFlares":true,"showImageEffects":true,"showParticleSystems":true},"in2DMode":false,"pivot":{"x":-225.72325134277345,"y":0.1005331426858902,"z":1345.2520751953125},"rotation":{"x":-0.026661770418286325,"y":0.7562980651855469,"z":-0.030881168320775033,"w":-0.6529567837715149},"size":10.0,"orthographic":false}