{"cameraMode":{"drawMode":0,"name":"Shaded","section":"Shading Mode"},"sceneLighting":false,"audioPlay":false,"sceneViewState":{"showFog":true,"showMaterialUpdate":false,"showSkybox":false,"showFlares":true,"showImageEffects":true,"showParticleSystems":true},"in2DMode":false,"pivot":{"x":6.649999618530273,"y":0.2499999701976776,"z":-13.349998474121094},"rotation":{"x":-0.16528263688087464,"y":0.691195547580719,"z":-0.16717803478240968,"w":-0.6833633184432983},"size":18.881406784057618,"orthographic":false}