{"cameraMode":{"drawMode":0,"name":"Shaded","section":"Shading Mode"},"sceneLighting":true,"audioPlay":false,"sceneViewState":{"showFog":true,"showMaterialUpdate":false,"showSkybox":true,"showFlares":true,"showImageEffects":true,"showParticleSystems":true},"in2DMode":false,"pivot":{"x":3.6310043334960939,"y":-13.62828540802002,"z":-40.68339920043945},"rotation":{"x":-0.5153416991233826,"y":0.48413413763046267,"z":-0.48356473445892336,"w":-0.5159485936164856},"size":3761.4228515625,"orthographic":false}